Method,Avg_Time_sec,Std_Time_sec,Avg_Best_LML,Std_Best_LML,Best_Iter,Avg_Best_Iter,Std_Best_Iter
HyperKernel BO,100.63771171569825,3.7839947398396347,-1.5002207303576511,0.0,"[10, 6, 13, 7, 11]",9.4,2.5768197453450252
RBF BO,162.78913621902467,26.94378954861207,-1.5002207303576511,0.0,"[17, 17, 15, 27, 6]",16.4,6.681317235396026
Random Search,97.84484910964966,20.52301787797074,-1.5002262317444894,6.139940538581907e-06,"[48, 28, 4, 20, 13]",22.6,14.961283367412035
LLM-GA Unrestricted (p=0.7),444.7893635749817,47.960851144304556,-1252.3801669268428,994.5385102166812,"[0, 0, 0, 5, 15]",4.0,5.830951894845301
LLM-GA Depth≤3 (p=0.7),413.35157346725464,56.016594474355145,-768.3564824170974,891.2599586321653,"[0, 0, 7, 44, 9]",12.0,16.407315441594946
