Method,Avg_Time_sec,Std_Time_sec,Avg_Best_LML,Std_Best_LML,Best_Iter,Avg_Best_Iter,Std_Best_Iter
HyperKernel BO,72.8613630771637,3.3493850553470277,-1.5001058842120778,0.0,"[1, 34, 27, 22, 19]",20.6,11.038115781237305
RBF BO,140.23485465049743,15.101446162707273,-1.5001058842120778,0.0,"[11, 11, 43, 36, 24]",25.0,12.946041866145807
Random Search,90.75491976737976,6.35270988379495,-1.9420764532484078,0.8838694262842015,"[22, 28, 38, 35, 13]",27.2,9.019977827023745
LLM-GA Unrestricted (p=0.7),413.2922297954559,76.76551919025142,-12.863835619529961,18.605208841317825,"[0, 3, 29, 2, 41]",15.0,16.792855623746664
LLM-GA Depth≤3 (p=0.7),337.04013752937317,47.29242292088114,-15.908938885331185,22.59521381830513,"[0, 10, 2, 7, 15]",6.8,5.418486873657627
