Method,Avg_Time_sec,Std_Time_sec,Avg_Best_LML,Std_Best_LML,Best_Iter,Avg_Best_Iter,Std_Best_Iter
HyperKernel BO,59.12829585075379,3.219487770788868,-1.5001721606264704,0.0,"[0, 16, 33, 29, 14]",18.4,11.740528097151337
RBF BO,136.5556465625763,13.074182514181597,-1.5001721606264704,0.0,"[0, 23, 17, 18, 22]",16.0,8.318653737234168
Random Search,60.501595687866214,4.51028766960336,-4.255234361021726,5.510063447562641,"[0, 18, 4, 35, 13]",14.0,12.280065146407
LLM-GA Unrestricted (p=0.7),315.541522693634,30.164190280569095,-1026.83823172668,689.3342124646498,"[0, 0, 0, 7, 0]",1.4,2.8
LLM-GA Depth≤3 (p=0.7),262.10331444740297,21.646577073255735,-758.4070117230569,385.83733242013096,"[0, 0, 36, 3, 0]",7.8,14.147791347061915
