Method,Avg_Time_sec,Std_Time_sec,Avg_Best_LML,Std_Best_LML,Best_Iter,Avg_Best_Iter,Std_Best_Iter
HyperKernel BO,47.519722080230714,10.089832053332222,-1.2898534622135793,0.0,"[23, 10, 4, 5, 10]",10.4,6.770524351924302
RBF BO,88.24457273483276,13.843450894099524,-1.2898565069166432,3.7289844625213572e-06,"[34, 41, 13, 36, 26]",30.0,9.777525249264253
Random Search,60.66491012573242,7.671548838147348,-1.2898608994804848,3.828992364954452e-06,"[23, 0, 36, 29, 19]",21.4,12.142487389328432
LLM-GA Unrestricted (p=0.7),381.3532340526581,32.85767228016526,-1.2898595813166853,3.023739366306052e-06,"[43, 1, 8, 15, 39]",21.2,16.809521111560557
LLM-GA Depth≤3 (p=0.7),289.5934157371521,28.059965940146743,-1.2898625109112118,0.0,"[14, 40, 17, 14, 16]",20.2,9.96794863550169
