Method,Avg_Time_sec,Std_Time_sec,Avg_Best_LML,Std_Best_LML,Best_Iter,Avg_Best_Iter,Std_Best_Iter
HyperKernel BO,40.766081762313846,1.8432214745720226,-1.5001586668724798,0.0,"[0, 17, 12, 11, 4]",8.8,6.04648658313239
RBF BO,116.69732112884522,9.777563314664093,-1.5001586668724798,0.0,"[0, 16, 18, 18, 9]",12.2,6.939740629158989
Random Search,39.43382315635681,4.282958100521875,-1.5002171722912943,2.9311303597561148e-05,"[0, 28, 39, 7, 13]",17.4,14.207040508142432
LLM-GA Unrestricted (p=0.7),273.8578420162201,30.54747454353705,-1335.6235328753287,733.1825304541254,"[0, 4, 45, 17, 36]",20.4,17.579533554676587
LLM-GA Depth≤3 (p=0.7),251.6974566936493,17.902182994313122,-799.0892742505438,651.792887423305,"[0, 50, 5, 26, 1]",16.4,19.272778730634563
