Method,Avg_Time_sec,Std_Time_sec,Avg_Best_LML,Std_Best_LML,Best_Iter,Avg_Best_Iter,Std_Best_Iter
HyperKernel BO,62.72547044754028,2.8728676447823625,-1.2642543083426063,0.0,"[1, 10, 10, 29, 1]",10.2,10.225458424931373
RBF BO,91.45351233482361,6.856801640517595,-1.2642543083426063,0.0,"[3, 2, 12, 17, 21]",11.0,7.5099933422074345
Random Search,50.23042359352112,0.6194927161828918,-8.831390338875623,14.662329346662503,"[48, 28, 2, 35, 13]",25.2,16.191355718407276
LLM-GA Unrestricted (p=0.7),328.3722321987152,28.926643630510327,-103.69065897536902,8.663097938777437,"[0, 10, 6, 33, 1]",10.0,12.049896265113654
LLM-GA Depth≤3 (p=0.7),260.5462455749512,31.02503454252872,-68.47258938885128,54.707579927425336,"[0, 1, 0, 17, 10]",5.6,6.829348431585549
