Method,Avg_Time_sec,Std_Time_sec,Avg_Best_LML,Std_Best_LML,Best_Iter,Avg_Best_Iter,Std_Best_Iter
HyperKernel BO,51.98127408027649,6.451788233953575,-1.3501927298424659,0.0031170636709819456,"[9, 16, 25, 3, 11]",12.8,7.386474125047755
RBF BO,87.27906875610351,6.462304559873455,-1.348634198006975,0.0,"[2, 7, 22, 8, 5]",8.8,6.910861017268399
Random Search,56.59079465866089,5.7232704555711615,-1.3667190218596623,0.02072301560542158,"[12, 24, 12, 34, 50]",26.4,14.388884598883958
LLM-GA Unrestricted (p=0.7),351.5723078727722,52.8382591239054,-2967.910514270424,2422.1039557888457,"[1, 3, 2, 0, 5]",2.2,1.7204650534085253
LLM-GA Depth≤3 (p=0.7),290.34020767211916,17.894755478199983,-990.3838008699495,1977.9628913968604,"[1, 38, 32, 5, 5]",16.2,15.535765188750762
