Method,Avg_Time_sec,Std_Time_sec,Avg_Best_LML,Std_Best_LML,Best_Iter,Avg_Best_Iter,Std_Best_Iter
HyperKernel BO,32.08266234397888,1.3609258029387459,-1.5001450063414876,0.0,"[8, 14, 12, 13, 5]",10.4,3.3823069050575527
RBF BO,74.48577241897583,21.767275745564802,-1.5001450063414876,0.0,"[2, 13, 12, 8, 19]",10.8,5.635601121442148
Random Search,31.64501338005066,4.047902030946502,-1.500205750150087,3.0377762732392545e-05,"[48, 28, 2, 20, 37]",27.0,15.594870951694341
LLM-GA Unrestricted (p=0.7),270.61248526573183,23.35681512252094,-1112.6844331964205,558.8075302159006,"[0, 0, 0, 7, 0]",1.4,2.8
LLM-GA Depth≤3 (p=0.7),235.39147939682007,18.490066502379182,-825.5094144698585,675.3067899707637,"[0, 0, 6, 10, 18]",6.8,6.7646138101151045
