Method,Avg_Time_sec,Std_Time_sec,Avg_Best_LML,Std_Best_LML,Best_Iter,Avg_Best_Iter,Std_Best_Iter
HyperKernel BO,64.67947506904602,10.979313951007153,-1.2787771090915014,0.03920917810872829,"[29, 9, 10, 17, 5]",14.0,8.438009243891594
RBF BO,103.02383389472962,17.470672129362345,-1.2482518148521857,0.0,"[5, 16, 22, 5, 29]",15.4,9.436100889668358
Random Search,59.05520744323731,10.210848509247535,-1.2981075514388607,0.0441684858407682,"[32, 28, 2, 35, 13]",22.0,12.537942414925983
LLM-GA Unrestricted (p=0.7),382.12505569458006,55.711998971049745,-4.389312014563985,2.614296323513983,"[0, 25, 47, 13, 0]",17.0,17.652195330892983
LLM-GA Depth≤3 (p=0.7),362.44793405532835,76.82094731047765,-1.7595259269319168,0.57649714850338,"[36, 22, 7, 5, 45]",23.0,15.709869509324385
